244(E)	../../phage_fasta/244.fasta
ABCat(E)	../../phage_fasta/ABCat.fasta
Abdiel(A4)	../../phage_fasta/Abdiel.fasta
Abrogate(A1)	../../phage_fasta/Abrogate.fasta
ABU(B1)	../../phage_fasta/ABU.fasta
Acadian(B5)	../../phage_fasta/Acadian.fasta
Achebe(A4)	../../phage_fasta/Achebe.fasta
Adephagia(K1)	../../phage_fasta/Adephagia.fasta
Adjutor(D1)	../../phage_fasta/Adjutor.fasta
Adzzy(A2)	../../phage_fasta/Adzzy.fasta
Aeneas(A1)	../../phage_fasta/Aeneas.fasta
Aglet(A3)	../../phage_fasta/Aglet.fasta
Airmid(A5)	../../phage_fasta/Airmid.fasta
Akoma(B3)	../../phage_fasta/Akoma.fasta
Alice(C1)	../../phage_fasta/Alice.fasta
Alma(A9)	../../phage_fasta/Alma.fasta
Alsfro(A1)	../../phage_fasta/Alsfro.fasta
Altwerkus(B1)	../../phage_fasta/Altwerkus.fasta
Amelie(K1)	../../phage_fasta/Amelie.fasta
Anaya(K1)	../../phage_fasta/Anaya.fasta
Angel(G)	../../phage_fasta/Angel.fasta
Angelica(K1)	../../phage_fasta/Angelica.fasta
Anglerfish(A1)	../../phage_fasta/Anglerfish.fasta
AnnaL29(A1)	../../phage_fasta/AnnaL29.fasta
Annihilator(G)	../../phage_fasta/Annihilator.fasta
Apizium(B1)	../../phage_fasta/Apizium.fasta
Aragog(A5)	../../phage_fasta/Aragog.fasta
Arbiter(B2)	../../phage_fasta/Arbiter.fasta
Arcanine(A1)	../../phage_fasta/Arcanine.fasta
ArcherS7(C1)	../../phage_fasta/ArcherS7.fasta
Archetta(A5)	../../phage_fasta/Archetta.fasta
Archie(L2)	../../phage_fasta/Archie.fasta
Ardmore(F1)	../../phage_fasta/Ardmore.fasta
Ares(B2)	../../phage_fasta/Ares.fasta
Ariel(J)	../../phage_fasta/Ariel.fasta
Artemis2UCLA(A6)	../../phage_fasta/Artemis2UCLA.fasta
Arturo(A4)	../../phage_fasta/Arturo.fasta
Astraea(C1)	../../phage_fasta/Astraea.fasta
Astro(A8)	../../phage_fasta/Astro.fasta
Athena(B3)	../../phage_fasta/Athena.fasta
Audrey(B3)	../../phage_fasta/Audrey.fasta
Ava3(C1)	../../phage_fasta/Ava3.fasta
Avani(F2)	../../phage_fasta/Avani.fasta
Avrafan(G)	../../phage_fasta/Avrafan.fasta
Babsiella(I1)	../../phage_fasta/Babsiella.fasta
BabyRatchet(A3)	../../phage_fasta/BabyRatchet.fasta
Bachome(A11)	../../phage_fasta/Bachome.fasta
Backyardigan(A4)	../../phage_fasta/Backyardigan.fasta
Badfish(B1)	../../phage_fasta/Badfish.fasta
BAKA(J)	../../phage_fasta/BAKA.fasta
Bangla1971(C1)	../../phage_fasta/Bangla1971.fasta
Banjo(B1)	../../phage_fasta/Banjo.fasta
Barnyard(H2)	../../phage_fasta/Barnyard.fasta
BarrelRoll(K1)	../../phage_fasta/BarrelRoll.fasta
Bask21(E)	../../phage_fasta/Bask21.fasta
Batiatus(F1)	../../phage_fasta/Batiatus.fasta
BeanWater(C1)	../../phage_fasta/BeanWater.fasta
BeesKnees(A1)	../../phage_fasta/BeesKnees.fasta
BEEST(K1)	../../phage_fasta/BEEST.fasta
BellusTerra(A4)	../../phage_fasta/BellusTerra.fasta
Benedict(A5)	../../phage_fasta/Benedict.fasta
Bernal13(T)	../../phage_fasta/Bernal13.fasta
Bernardo(B3)	../../phage_fasta/Bernardo.fasta
Bethlehem(A1)	../../phage_fasta/Bethlehem.fasta
BigMama(D1)	../../phage_fasta/BigMama.fasta
BigNuz(P)	../../phage_fasta/BigNuz.fasta
BillKnuckles(A1)	../../phage_fasta/BillKnuckles.fasta
Bipolar(F1)	../../phage_fasta/Bipolar.fasta
BlackStallion(B1)	../../phage_fasta/BlackStallion.fasta
Blue7(A6)	../../phage_fasta/Blue7.fasta
Bob3(A1)	../../phage_fasta/Bob3.fasta
Bobi(F1)	../../phage_fasta/Bobi.fasta
Bongo(M1)	../../phage_fasta/Bongo.fasta
Boomer(F1)	../../phage_fasta/Boomer.fasta
BPBiebs31(A1)	../../phage_fasta/BPBiebs31.fasta
BPs(G)	../../phage_fasta/BPs.fasta
BQuat(G)	../../phage_fasta/BQuat.fasta
Breeniome(C1)	../../phage_fasta/Breeniome.fasta
Breezona(L2)	../../phage_fasta/Breezona.fasta
Brocalys(F1)	../../phage_fasta/Brocalys.fasta
Broseidon(A4)	../../phage_fasta/Broseidon.fasta
Browncna(B4)	../../phage_fasta/Browncna.fasta
BruceB(G)	../../phage_fasta/BruceB.fasta
Bruin(E)	../../phage_fasta/Bruin.fasta
Bruiser(A4)	../../phage_fasta/Bruiser.fasta
Brujita(I1)	../../phage_fasta/Brujita.fasta
Bruns(A1)	../../phage_fasta/Bruns.fasta
Bubbles123(F1)	../../phage_fasta/Bubbles123.fasta
BubbleTrouble(A4)	../../phage_fasta/BubbleTrouble.fasta
Bugsy(A2)	../../phage_fasta/Bugsy.fasta
Bunnies(P)	../../phage_fasta/Bunnies.fasta
Burger(A4)	../../phage_fasta/Burger.fasta
Butters(N)	../../phage_fasta/Butters.fasta
Butterscotch(D1)	../../phage_fasta/Butterscotch.fasta
BuzzLyseyear(F1)	../../phage_fasta/BuzzLyseyear.fasta
Bxb1(A1)	../../phage_fasta/Bxb1.fasta
Bxz1(C1)	../../phage_fasta/Bxz1.fasta
Bxz2(A3)	../../phage_fasta/Bxz2.fasta
Cabrinians(F1)	../../phage_fasta/Cabrinians.fasta
Cactus(E)	../../phage_fasta/Cactus.fasta
Caelakin(A4)	../../phage_fasta/Caelakin.fasta
Cali(C1)	../../phage_fasta/Cali.fasta
Camperdownii(A4)	../../phage_fasta/Camperdownii.fasta
CaptainTrips(F1)	../../phage_fasta/CaptainTrips.fasta
Carcharodon(N)	../../phage_fasta/Carcharodon.fasta
Catalina(A9)	../../phage_fasta/Catalina.fasta
Catdawg(O)	../../phage_fasta/Catdawg.fasta
Catera(C1)	../../phage_fasta/Catera.fasta
Cerasum(F1)	../../phage_fasta/Cerasum.fasta
Chadwick(A5)	../../phage_fasta/Chadwick.fasta
Chah(B1)	../../phage_fasta/Chah.fasta
Changeling(A2)	../../phage_fasta/Changeling.fasta
Charlie(N)	../../phage_fasta/Charlie.fasta
CharlieB(C1)	../../phage_fasta/CharlieB.fasta
Che12(A2)	../../phage_fasta/Che12.fasta
Che8(F1)	../../phage_fasta/Che8.fasta
Che9c(I2)	../../phage_fasta/Che9c.fasta
Che9d(F2)	../../phage_fasta/Che9d.fasta
Cheetobro(K4)	../../phage_fasta/Cheetobro.fasta
Cherrybomb426(G)	../../phage_fasta/Cherrybomb426.fasta
ChipMunk(A2)	../../phage_fasta/ChipMunk.fasta
Chorkpop(B1)	../../phage_fasta/Chorkpop.fasta
ChrisnMich(B4)	../../phage_fasta/ChrisnMich.fasta
Chunky(B1)	../../phage_fasta/Chunky.fasta
Cjw1(E)	../../phage_fasta/Cjw1.fasta
Clarenza(A4)	../../phage_fasta/Clarenza.fasta
CloudWang3(A6)	../../phage_fasta/CloudWang3.fasta
Colbert(B1)	../../phage_fasta/Colbert.fasta
Collard(K5)	../../phage_fasta/Collard.fasta
Compostia(B3)	../../phage_fasta/Compostia.fasta
ConceptII(A1)	../../phage_fasta/ConceptII.fasta
Conspiracy(A5)	../../phage_fasta/Conspiracy.fasta
Contagion(E)	../../phage_fasta/Contagion.fasta
Cooper(B4)	../../phage_fasta/Cooper.fasta
Corndog(O)	../../phage_fasta/Corndog.fasta
Corvo(A1)	../../phage_fasta/Corvo.fasta
Courthouse(J)	../../phage_fasta/Courthouse.fasta
CREW(K1)	../../phage_fasta/CREW.fasta
CrimD(K1)	../../phage_fasta/CrimD.fasta
Crossroads(L2)	../../phage_fasta/Crossroads.fasta
Crownjwl(B1)	../../phage_fasta/Crownjwl.fasta
Cuco(A5)	../../phage_fasta/Cuco.fasta
Czyszczon1(E)	../../phage_fasta/Czyszczon1.fasta
D29(A2)	../../phage_fasta/D29.fasta
Daenerys(F1)	../../phage_fasta/Daenerys.fasta
Daffy(B1)	../../phage_fasta/Daffy.fasta
DaHudson(A3)	../../phage_fasta/DaHudson.fasta
Daisy(B3)	../../phage_fasta/Daisy.fasta
Damien(H1)	../../phage_fasta/Damien.fasta
Dandelion(C1)	../../phage_fasta/Dandelion.fasta
Dante(F1)	../../phage_fasta/Dante.fasta
DaVinci(A6)	../../phage_fasta/DaVinci.fasta
DD5(A1)	../../phage_fasta/DD5.fasta
DeadP(F1)	../../phage_fasta/DeadP.fasta
Delilah(C1)	../../phage_fasta/Delilah.fasta
Dhanush(A4)	../../phage_fasta/Dhanush.fasta
DirtMcgirt(F1)	../../phage_fasta/DirtMcgirt.fasta
DLane(F1)	../../phage_fasta/DLane.fasta
Donovan(P)	../../phage_fasta/Donovan.fasta
DonSanchon(B1)	../../phage_fasta/DonSanchon.fasta
Doom(A1)	../../phage_fasta/Doom.fasta
Dori(Singleton)	../../phage_fasta/Dori.fasta
Dorothy(F1)	../../phage_fasta/Dorothy.fasta
DotProduct(F1)	../../phage_fasta/DotProduct.fasta
Drago(F1)	../../phage_fasta/Drago.fasta
Drazdys(C1)	../../phage_fasta/Drazdys.fasta
DrDrey(E)	../../phage_fasta/DrDrey.fasta
Dreamboat(A1)	../../phage_fasta/Dreamboat.fasta
DS6A(Singleton)	../../phage_fasta/DS6A.fasta
DTDevon(C1)	../../phage_fasta/DTDevon.fasta
Duke13(J)	../../phage_fasta/Duke13.fasta
Dumbo(E)	../../phage_fasta/Dumbo.fasta
Dusk(E)	../../phage_fasta/Dusk.fasta
Dylan(O)	../../phage_fasta/Dylan.fasta
Dynamix(A1)	../../phage_fasta/Dynamix.fasta
Eagle(A4)	../../phage_fasta/Eagle.fasta
EagleEye(A2)	../../phage_fasta/EagleEye.fasta
Eaglehorse(B2)	../../phage_fasta/Eaglehorse.fasta
Echild(A2)	../../phage_fasta/Echild.fasta
Edtherson(A1)	../../phage_fasta/Edtherson.fasta
Elph10(E)	../../phage_fasta/Elph10.fasta
ElTiger69(A5)	../../phage_fasta/ElTiger69.fasta
Emerson(K1)	../../phage_fasta/Emerson.fasta
Empress(F1)	../../phage_fasta/Empress.fasta
EmpTee(B1)	../../phage_fasta/EmpTee.fasta
EmToTheThree(C1)	../../phage_fasta/EmToTheThree.fasta
EpicPhail(A3)	../../phage_fasta/EpicPhail.fasta
Equemioh13(A2)	../../phage_fasta/Equemioh13.fasta
Eremos(B1)	../../phage_fasta/Eremos.fasta
EricB(A6)	../../phage_fasta/EricB.fasta
EricMillard(J)	../../phage_fasta/EricMillard.fasta
Eris(A4)	../../phage_fasta/Eris.fasta
ErnieJ(C1)	../../phage_fasta/ErnieJ.fasta
Estave1(F1)	../../phage_fasta/Estave1.fasta
ET08(C1)	../../phage_fasta/ET08.fasta
Et2Brutus(A11)	../../phage_fasta/Et2Brutus.fasta
Euphoria(A1)	../../phage_fasta/Euphoria.fasta
Eureka(E)	../../phage_fasta/Eureka.fasta
Evanesce(Q)	../../phage_fasta/Evanesce.fasta
EvilGenius(A2)	../../phage_fasta/EvilGenius.fasta
Expelliarmus(A8)	../../phage_fasta/Expelliarmus.fasta
Faith1(L2)	../../phage_fasta/Faith1.fasta
Fang(B1)	../../phage_fasta/Fang.fasta
Farber(A3)	../../phage_fasta/Farber.fasta
Fascinus(A1)	../../phage_fasta/Fascinus.fasta
Fibonacci(A11)	../../phage_fasta/Fibonacci.fasta
Fionnbharth(K4)	../../phage_fasta/Fionnbharth.fasta
Firecracker(O)	../../phage_fasta/Firecracker.fasta
FireRed(E)	../../phage_fasta/FireRed.fasta
Fishburne(P)	../../phage_fasta/Fishburne.fasta
FluffyNinja(B1)	../../phage_fasta/FluffyNinja.fasta
Flux(A4)	../../phage_fasta/Flux.fasta
ForGetIt(A5)	../../phage_fasta/ForGetIt.fasta
Forsytheast(A1)	../../phage_fasta/Forsytheast.fasta
Frederick(B4)	../../phage_fasta/Frederick.fasta
FriarPreacher(B1)	../../phage_fasta/FriarPreacher.fasta
Frosty24(G)	../../phage_fasta/Frosty24.fasta
Fruitloop(F1)	../../phage_fasta/Fruitloop.fasta
Funston(A4)	../../phage_fasta/Funston.fasta
Fushigi(A1)	../../phage_fasta/Fushigi.fasta
Gadjet(B3)	../../phage_fasta/Gadjet.fasta
Gadost(A4)	../../phage_fasta/Gadost.fasta
GageAP(A1)	../../phage_fasta/GageAP.fasta
Gaia(Singleton)	../../phage_fasta/Gaia.fasta
Gengar(K5)	../../phage_fasta/Gengar.fasta
George(A5)	../../phage_fasta/George.fasta
Ghost(C1)	../../phage_fasta/Ghost.fasta
Giles(Q)	../../phage_fasta/Giles.fasta
GingkoMaracino(A3)	../../phage_fasta/GingkoMaracino.fasta
Girr(F1)	../../phage_fasta/Girr.fasta
Gizmo(C1)	../../phage_fasta/Gizmo.fasta
Gladiator(A6)	../../phage_fasta/Gladiator.fasta
Goku(E)	../../phage_fasta/Goku.fasta
Gomashi(G)	../../phage_fasta/Gomashi.fasta
Goose(A10)	../../phage_fasta/Goose.fasta
Graduation(A1)	../../phage_fasta/Graduation.fasta
Grum1(A3)	../../phage_fasta/Grum1.fasta
Gumball(D1)	../../phage_fasta/Gumball.fasta
Gumbie(F1)	../../phage_fasta/Gumbie.fasta
Gyarad(B1)	../../phage_fasta/Gyarad.fasta
Hades(F1)	../../phage_fasta/Hades.fasta
Halley(J)	../../phage_fasta/Halley.fasta
Halo(G)	../../phage_fasta/Halo.fasta
Hammer(A6)	../../phage_fasta/Hammer.fasta
HamSlice(A4)	../../phage_fasta/HamSlice.fasta
Hamulus(F1)	../../phage_fasta/Hamulus.fasta
HanShotFirst(A1)	../../phage_fasta/HanShotFirst.fasta
Harvey(B1)	../../phage_fasta/Harvey.fasta
Hawkeye(D2)	../../phage_fasta/Hawkeye.fasta
Heathcliff(B3)	../../phage_fasta/Heathcliff.fasta
Hedgerow(B2)	../../phage_fasta/Hedgerow.fasta
Heffalump(A2)	../../phage_fasta/Heffalump.fasta
Hegedechwinu(F1)	../../phage_fasta/Hegedechwinu.fasta
Held(B1)	../../phage_fasta/Held.fasta
HelDan(A3)	../../phage_fasta/HelDan.fasta
Henry(E)	../../phage_fasta/Henry.fasta
Hercules11(A3)	../../phage_fasta/Hercules11.fasta
Hertubise(B1)	../../phage_fasta/Hertubise.fasta
Hetaeria(B1)	../../phage_fasta/Hetaeria.fasta
HH92(Q)	../../phage_fasta/HH92.fasta
HINdeR(A7)	../../phage_fasta/HINdeR.fasta
Holli(A4)	../../phage_fasta/Holli.fasta
Homura(K1)	../../phage_fasta/Homura.fasta
Hope(G)	../../phage_fasta/Hope.fasta
Hope4ever(A1)	../../phage_fasta/Hope4ever.fasta
Hopey(E)	../../phage_fasta/Hopey.fasta
HufflyPuff(E)	../../phage_fasta/HufflyPuff.fasta
HUHilltop(P)	../../phage_fasta/HUHilltop.fasta
Ibhubesi(F1)	../../phage_fasta/Ibhubesi.fasta
Ichabod(A1)	../../phage_fasta/Ichabod.fasta
ICleared(A4)	../../phage_fasta/ICleared.fasta
Inventum(F1)	../../phage_fasta/Inventum.fasta
IronMan(A2)	../../phage_fasta/IronMan.fasta
IsaacEli(B1)	../../phage_fasta/IsaacEli.fasta
Island3(I1)	../../phage_fasta/Island3.fasta
Jabbawokkie(F2)	../../phage_fasta/Jabbawokkie.fasta
JacAttac(B1)	../../phage_fasta/JacAttac.fasta
JAMaL(B4)	../../phage_fasta/JAMaL.fasta
Jasper(A1)	../../phage_fasta/Jasper.fasta
JAWS(K1)	../../phage_fasta/JAWS.fasta
JC27(A1)	../../phage_fasta/JC27.fasta
Jebeks(P)	../../phage_fasta/Jebeks.fasta
Jeffabunny(A6)	../../phage_fasta/Jeffabunny.fasta
Jeon(Singleton)	../../phage_fasta/Jeon.fasta
Jerm(A2)	../../phage_fasta/Jerm.fasta
JewelBug(A6)	../../phage_fasta/JewelBug.fasta
JHC117(A3)	../../phage_fasta/JHC117.fasta
Job42(F1)	../../phage_fasta/Job42.fasta
Jobu08(A3)	../../phage_fasta/Jobu08.fasta
JoeDirt(L1)	../../phage_fasta/JoeDirt.fasta
JoongJeon(A4)	../../phage_fasta/JoongJeon.fasta
Jovo(A5)	../../phage_fasta/Jovo.fasta
Joy99(K1)	../../phage_fasta/Joy99.fasta
Jsquared(A2)	../../phage_fasta/Jsquared.fasta
Kamiyu(B3)	../../phage_fasta/Kamiyu.fasta
Kampy(A4)	../../phage_fasta/Kampy.fasta
KayaCho(B4)	../../phage_fasta/KayaCho.fasta
Kazan(A6)	../../phage_fasta/Kazan.fasta
KBG(A1)	../../phage_fasta/KBG.fasta
Keshu(K3)	../../phage_fasta/Keshu.fasta
KFPoly(A4)	../../phage_fasta/KFPoly.fasta
Kheth(B2)	../../phage_fasta/Kheth.fasta
Kikipoo(B1)	../../phage_fasta/Kikipoo.fasta
Kinbote(Q)	../../phage_fasta/Kinbote.fasta
KingVeVeVe(B1)	../../phage_fasta/KingVeVeVe.fasta
KittenMittens(A10)	../../phage_fasta/KittenMittens.fasta
Klein(J)	../../phage_fasta/Klein.fasta
Kloppinator(B1)	../../phage_fasta/Kloppinator.fasta
KLucky39(B1)	../../phage_fasta/KLucky39.fasta
Koguma(C1)	../../phage_fasta/Koguma.fasta
Konstantine(H1)	../../phage_fasta/Konstantine.fasta
Kostya(E)	../../phage_fasta/Kostya.fasta
Krakatau(F1)	../../phage_fasta/Krakatau.fasta
Kratark(A4)	../../phage_fasta/Kratark.fasta
Kratio(K5)	../../phage_fasta/Kratio.fasta
KSSJEB(A1)	../../phage_fasta/KSSJEB.fasta
Kugel(A1)	../../phage_fasta/Kugel.fasta
Kykar(A1)	../../phage_fasta/Kykar.fasta
L5(A2)	../../phage_fasta/L5.fasta
Lamina13(A1)	../../phage_fasta/Lamina13.fasta
Larenn(A2)	../../phage_fasta/Larenn.fasta
Larva(K5)	../../phage_fasta/Larva.fasta
Lasso(B1)	../../phage_fasta/Lasso.fasta
Laurie(B2)	../../phage_fasta/Laurie.fasta
LeBron(L1)	../../phage_fasta/LeBron.fasta
LeeLot(B1)	../../phage_fasta/LeeLot.fasta
Lego3393(B1)	../../phage_fasta/Lego3393.fasta
LemonSlice(B1)	../../phage_fasta/LemonSlice.fasta
Lemur(A4)	../../phage_fasta/Lemur.fasta
Lesedi(A1)	../../phage_fasta/Lesedi.fasta
LHTSCC(A4)	../../phage_fasta/LHTSCC.fasta
Liefie(G)	../../phage_fasta/Liefie.fasta
Lilac(E)	../../phage_fasta/Lilac.fasta
Lilith(A3)	../../phage_fasta/Lilith.fasta
LinStu(C1)	../../phage_fasta/LinStu.fasta
LittleCherry(A5)	../../phage_fasta/LittleCherry.fasta
LittleE(J)	../../phage_fasta/LittleE.fasta
LittleGuy(A4)	../../phage_fasta/LittleGuy.fasta
Littleton(C1)	../../phage_fasta/Littleton.fasta
LizLemon(B2)	../../phage_fasta/LizLemon.fasta
Llama(F1)	../../phage_fasta/Llama.fasta
Llij(F1)	../../phage_fasta/Llij.fasta
Loadrie(L2)	../../phage_fasta/Loadrie.fasta
Lockley(A1)	../../phage_fasta/Lockley.fasta
Loser(A2)	../../phage_fasta/Loser.fasta
LRRHood(C1)	../../phage_fasta/LRRHood.fasta
Lucky2013(J)	../../phage_fasta/Lucky2013.fasta
MacnCheese(K3)	../../phage_fasta/MacnCheese.fasta
MadamMonkfish(E)	../../phage_fasta/MadamMonkfish.fasta
Magnito(A1)	../../phage_fasta/Magnito.fasta
Mainiac(A3)	../../phage_fasta/Mainiac.fasta
Malithi(P)	../../phage_fasta/Malithi.fasta
Mana(B1)	../../phage_fasta/Mana.fasta
Manad(B1)	../../phage_fasta/Manad.fasta
Manatee(A1)	../../phage_fasta/Manatee.fasta
Mantra(F1)	../../phage_fasta/Mantra.fasta
Marcell(A1)	../../phage_fasta/Marcell.fasta
Marie(A3)	../../phage_fasta/Marie.fasta
MarQuardt(A3)	../../phage_fasta/MarQuardt.fasta
Marvin(S)	../../phage_fasta/Marvin.fasta
Maverick(A4)	../../phage_fasta/Maverick.fasta
McFly(A6)	../../phage_fasta/McFly.fasta
McGuire(A1)	../../phage_fasta/McGuire.fasta
Medusa(A4)	../../phage_fasta/Medusa.fasta
MeeZee(A4)	../../phage_fasta/MeeZee.fasta
Megatron(B1)	../../phage_fasta/Megatron.fasta
Melvin(A4)	../../phage_fasta/Melvin.fasta
Mendokysei(T)	../../phage_fasta/Mendokysei.fasta
MetalQZJ(A1)	../../phage_fasta/MetalQZJ.fasta
Methuselah(A3)	../../phage_fasta/Methuselah.fasta
MiaZeal(J)	../../phage_fasta/MiaZeal.fasta
MichelleMyBell(N)	../../phage_fasta/MichelleMyBell.fasta
Microwolf(A3)	../../phage_fasta/Microwolf.fasta
MilleniumForce(F1)	../../phage_fasta/MilleniumForce.fasta
Millski(A4)	../../phage_fasta/Millski.fasta
Milly(K2)	../../phage_fasta/Milly.fasta
Minerva(J)	../../phage_fasta/Minerva.fasta
Minnie(F1)	../../phage_fasta/Minnie.fasta
Misomonster(A3)	../../phage_fasta/Misomonster.fasta
MisterCuddles(F1)	../../phage_fasta/MisterCuddles.fasta
MitKao(B1)	../../phage_fasta/MitKao.fasta
MkaliMitinis3(L2)	../../phage_fasta/MkaliMitinis3.fasta
MoMoMixon(C1)	../../phage_fasta/MoMoMixon.fasta
MooMoo(Singleton)	../../phage_fasta/MooMoo.fasta
Morgushi(B1)	../../phage_fasta/Morgushi.fasta
Morpher26(A4)	../../phage_fasta/Morpher26.fasta
Morty(B1)	../../phage_fasta/Morty.fasta
Mosaic(B1)	../../phage_fasta/Mosaic.fasta
Mosby(E)	../../phage_fasta/Mosby.fasta
MosMoris(S)	../../phage_fasta/MosMoris.fasta
Mozy(F1)	../../phage_fasta/Mozy.fasta
MPlant7149(A1)	../../phage_fasta/MPlant7149.fasta
MRabcd(B1)	../../phage_fasta/MRabcd.fasta
MrGordo(A1)	../../phage_fasta/MrGordo.fasta
Muddy(Singleton)	../../phage_fasta/Muddy.fasta
Mufasa(K2)	../../phage_fasta/Mufasa.fasta
Mulciber(A11)	../../phage_fasta/Mulciber.fasta
Mundrea(A4)	../../phage_fasta/Mundrea.fasta
Murdoc(B1)	../../phage_fasta/Murdoc.fasta
Murica(E)	../../phage_fasta/Murica.fasta
Murphy(E)	../../phage_fasta/Murphy.fasta
Murucutumbu(K1)	../../phage_fasta/Murucutumbu.fasta
Museum(A1)	../../phage_fasta/Museum.fasta
Mutaforma13(F1)	../../phage_fasta/Mutaforma13.fasta
Myrna(C2)	../../phage_fasta/Myrna.fasta
Myxus(A9)	../../phage_fasta/Myxus.fasta
Naca(A5)	../../phage_fasta/Naca.fasta
Nacho(B1)	../../phage_fasta/Nacho.fasta
Nala(E)	../../phage_fasta/Nala.fasta
Nappy(C1)	../../phage_fasta/Nappy.fasta
NelitzaMV(E)	../../phage_fasta/NelitzaMV.fasta
Newman(B1)	../../phage_fasta/Newman.fasta
Nicholasp3(L2)	../../phage_fasta/Nicholasp3.fasta
Nigel(B4)	../../phage_fasta/Nigel.fasta
Nilo(R)	../../phage_fasta/Nilo.fasta
Norbert(A3)	../../phage_fasta/Norbert.fasta
NoSleep(E)	../../phage_fasta/NoSleep.fasta
Nova(D1)	../../phage_fasta/Nova.fasta
NuevoMundo(C1)	../../phage_fasta/NuevoMundo.fasta
NumberTen(B1)	../../phage_fasta/NumberTen.fasta
Nyxis(A4)	../../phage_fasta/Nyxis.fasta
Oaker(H1)	../../phage_fasta/Oaker.fasta
Obama12(A4)	../../phage_fasta/Obama12.fasta
OBUpride(Q)	../../phage_fasta/OBUpride.fasta
Odin(A2)	../../phage_fasta/Odin.fasta
Ogopogo(F1)	../../phage_fasta/Ogopogo.fasta
OkiRoe(K5)	../../phage_fasta/OkiRoe.fasta
Oline(B1)	../../phage_fasta/Oline.fasta
OliverWalter(B1)	../../phage_fasta/OliverWalter.fasta
Ollie(A3)	../../phage_fasta/Ollie.fasta
Omega(J)	../../phage_fasta/Omega.fasta
Omnicron(K5)	../../phage_fasta/Omnicron.fasta
Oosterbaan(B1)	../../phage_fasta/Oosterbaan.fasta
Optimus(J)	../../phage_fasta/Optimus.fasta
Orion(B1)	../../phage_fasta/Orion.fasta
OrionPax(E)	../../phage_fasta/OrionPax.fasta
OSmaximus(B1)	../../phage_fasta/OSmaximus.fasta
Ovechkin(F1)	../../phage_fasta/Ovechkin.fasta
P28Green(A3)	../../phage_fasta/P28Green.fasta
Pacc40(F1)	../../phage_fasta/Pacc40.fasta
PackMan(A9)	../../phage_fasta/PackMan.fasta
Palestino(A4)	../../phage_fasta/Palestino.fasta
Papez(A1)	../../phage_fasta/Papez.fasta
Papyrus(R)	../../phage_fasta/Papyrus.fasta
Pari(A1)	../../phage_fasta/Pari.fasta
Patience(Singleton)	../../phage_fasta/Patience.fasta
PattyP(A1)	../../phage_fasta/PattyP.fasta
PBI1(D1)	../../phage_fasta/PBI1.fasta
Peaches(A4)	../../phage_fasta/Peaches.fasta
PegLeg(M1)	../../phage_fasta/PegLeg.fasta
Pepe(A1)	../../phage_fasta/Pepe.fasta
Perseus(A1)	../../phage_fasta/Perseus.fasta
Petp2012(A1)	../../phage_fasta/Petp2012.fasta
PG1(B1)	../../phage_fasta/PG1.fasta
Phacado(A4)	../../phage_fasta/Phacado.fasta
Phaedrus(B3)	../../phage_fasta/Phaedrus.fasta
Phantastic(A3)	../../phage_fasta/Phantastic.fasta
Pharsalus(E)	../../phage_fasta/Pharsalus.fasta
PhatBacter(E)	../../phage_fasta/PhatBacter.fasta
Phatniss(F1)	../../phage_fasta/Phatniss.fasta
Phaux(E)	../../phage_fasta/Phaux.fasta
Phelemich(B5)	../../phage_fasta/Phelemich.fasta
Phighter1804(A4)	../../phage_fasta/Phighter1804.fasta
Phineas(P)	../../phage_fasta/Phineas.fasta
Phipps(B1)	../../phage_fasta/Phipps.fasta
Phlorence(A5)	../../phage_fasta/Phlorence.fasta
Phlyer(B3)	../../phage_fasta/Phlyer.fasta
Phoxy(A3)	../../phage_fasta/Phoxy.fasta
Phreak(G)	../../phage_fasta/Phreak.fasta
PhrostyMug(A1)	../../phage_fasta/PhrostyMug.fasta
Phrux(E)	../../phage_fasta/Phrux.fasta
Pier(C1)	../../phage_fasta/Pier.fasta
Piglet(B1)	../../phage_fasta/Piglet.fasta
Pinto(A1)	../../phage_fasta/Pinto.fasta
Pio(C1)	../../phage_fasta/Pio.fasta
Pipcraft(A4)	../../phage_fasta/Pipcraft.fasta
Pipefish(B3)	../../phage_fasta/Pipefish.fasta
Pippy(F1)	../../phage_fasta/Pippy.fasta
Pipsqueak(B1)	../../phage_fasta/Pipsqueak.fasta
Piro94(A2)	../../phage_fasta/Piro94.fasta
Pixie(K3)	../../phage_fasta/Pixie.fasta
Pleione(C1)	../../phage_fasta/Pleione.fasta
PLot(D1)	../../phage_fasta/PLot.fasta
PMC(F1)	../../phage_fasta/PMC.fasta
Pocahontas(A3)	../../phage_fasta/Pocahontas.fasta
Popcicle(A3)	../../phage_fasta/Popcicle.fasta
Porky(E)	../../phage_fasta/Porky.fasta
PotatoSplit(A3)	../../phage_fasta/PotatoSplit.fasta
Power(A2)	../../phage_fasta/Power.fasta
Predator(H1)	../../phage_fasta/Predator.fasta
Puhltonio(B1)	../../phage_fasta/Puhltonio.fasta
Pukovnik(A2)	../../phage_fasta/Pukovnik.fasta
Pumpkin(E)	../../phage_fasta/Pumpkin.fasta
Purky(P)	../../phage_fasta/Purky.fasta
PurpleHaze(A3)	../../phage_fasta/PurpleHaze.fasta
QBert(C1)	../../phage_fasta/QBert.fasta
QuinnKiro(A3)	../../phage_fasta/QuinnKiro.fasta
Qyrzula(B2)	../../phage_fasta/Qyrzula.fasta
Rakim(E)	../../phage_fasta/Rakim.fasta
Ramsey(F1)	../../phage_fasta/Ramsey.fasta
Rebeuca(A10)	../../phage_fasta/Rebeuca.fasta
Redi(N)	../../phage_fasta/Redi.fasta
Redno2(J)	../../phage_fasta/Redno2.fasta
RedRock(A2)	../../phage_fasta/RedRock.fasta
Reprobate(B5)	../../phage_fasta/Reprobate.fasta
Rey(M2)	../../phage_fasta/Rey.fasta
RhynO(A10)	../../phage_fasta/RhynO.fasta
RidgeCB(A1)	../../phage_fasta/RidgeCB.fasta
Ringer(A1)	../../phage_fasta/Ringer.fasta
RiverMonster(E)	../../phage_fasta/RiverMonster.fasta
Rizal(C1)	../../phage_fasta/Rizal.fasta
Rockstar(A3)	../../phage_fasta/Rockstar.fasta
RockyHorror(F1)	../../phage_fasta/RockyHorror.fasta
RonRayGun(T)	../../phage_fasta/RonRayGun.fasta
Roscoe(B1)	../../phage_fasta/Roscoe.fasta
Rosebush(B2)	../../phage_fasta/Rosebush.fasta
Ruby(F1)	../../phage_fasta/Ruby.fasta
Rufus(A1)	../../phage_fasta/Rufus.fasta
Rumpelstiltskin(L2)	../../phage_fasta/Rumpelstiltskin.fasta
Ruotula(A1)	../../phage_fasta/Ruotula.fasta
Rutherferd(A1)	../../phage_fasta/Rutherferd.fasta
Saal(F1)	../../phage_fasta/Saal.fasta
Sabertooth(A4)	../../phage_fasta/Sabertooth.fasta
Sabia(A3)	../../phage_fasta/Sabia.fasta
Saintus(A8)	../../phage_fasta/Saintus.fasta
SamScheppers(K4)	../../phage_fasta/SamScheppers.fasta
SarFire(A1)	../../phage_fasta/SarFire.fasta
Scoot17C(B1)	../../phage_fasta/Scoot17C.fasta
ScottMcG(C1)	../../phage_fasta/ScottMcG.fasta
Scowl(A1)	../../phage_fasta/Scowl.fasta
SDcharge11(B1)	../../phage_fasta/SDcharge11.fasta
SeaBiscuit(A1)	../../phage_fasta/SeaBiscuit.fasta
Sebata(C1)	../../phage_fasta/Sebata.fasta
SemperFi(A2)	../../phage_fasta/SemperFi.fasta
Send513(R)	../../phage_fasta/Send513.fasta
Serendipity(B1)	../../phage_fasta/Serendipity.fasta
Serenity(A2)	../../phage_fasta/Serenity.fasta
Serpentine(B1)	../../phage_fasta/Serpentine.fasta
Severus(A10)	../../phage_fasta/Severus.fasta
SG4(F1)	../../phage_fasta/SG4.fasta
Shaka(A4)	../../phage_fasta/Shaka.fasta
Shauna1(F1)	../../phage_fasta/Shauna1.fasta
Sheen(A7)	../../phage_fasta/Sheen.fasta
ShiLan(F1)	../../phage_fasta/ShiLan.fasta
Shipwreck(P)	../../phage_fasta/Shipwreck.fasta
ShiVal(B1)	../../phage_fasta/ShiVal.fasta
Shrimp(C1)	../../phage_fasta/Shrimp.fasta
Sigman(B1)	../../phage_fasta/Sigman.fasta
Simpliphy(E)	../../phage_fasta/Simpliphy.fasta
SirDuracell(E)	../../phage_fasta/SirDuracell.fasta
SirHarley(D1)	../../phage_fasta/SirHarley.fasta
SiSi(F1)	../../phage_fasta/SiSi.fasta
SkinnyPete(N)	../../phage_fasta/SkinnyPete.fasta
SkiPole(A1)	../../phage_fasta/SkiPole.fasta
Slarp(K4)	../../phage_fasta/Slarp.fasta
SmallFry(C1)	../../phage_fasta/SmallFry.fasta
Smeadley(A8)	../../phage_fasta/Smeadley.fasta
Smeagol(A1)	../../phage_fasta/Smeagol.fasta
Solon(A1)	../../phage_fasta/Solon.fasta
Sophia(B1)	../../phage_fasta/Sophia.fasta
Soto(B1)	../../phage_fasta/Soto.fasta
Sparky(Singleton)	../../phage_fasta/Sparky.fasta
Spartacus(F1)	../../phage_fasta/Spartacus.fasta
Spartan300(B1)	../../phage_fasta/Spartan300.fasta
Spike509(A3)	../../phage_fasta/Spike509.fasta
Spoonbill(F1)	../../phage_fasta/Spoonbill.fasta
Spud(C1)	../../phage_fasta/Spud.fasta
Squid(B1)	../../phage_fasta/Squid.fasta
Squirty(F3)	../../phage_fasta/Squirty.fasta
Stark(E)	../../phage_fasta/Stark.fasta
Stinger(B4)	../../phage_fasta/Stinger.fasta
Suffolk(B1)	../../phage_fasta/Suffolk.fasta
Sulley(K1)	../../phage_fasta/Sulley.fasta
SuperAwesome(A6)	../../phage_fasta/SuperAwesome.fasta
SuperGrey(F1)	../../phage_fasta/SuperGrey.fasta
SweetiePie(A2)	../../phage_fasta/SweetiePie.fasta
Swirley(A5)	../../phage_fasta/Swirley.fasta
Swish(B1)	../../phage_fasta/Swish.fasta
Switzer(A1)	../../phage_fasta/Switzer.fasta
TA17A(B2)	../../phage_fasta/TA17A.fasta
Taj(F1)	../../phage_fasta/Taj.fasta
TallGrassMM(B1)	../../phage_fasta/TallGrassMM.fasta
Taquito(K4)	../../phage_fasta/Taquito.fasta
Target(A1)	../../phage_fasta/Target.fasta
Taurus(A3)	../../phage_fasta/Taurus.fasta
Teardrop(C1)	../../phage_fasta/Teardrop.fasta
TeardropMSU(E)	../../phage_fasta/TeardropMSU.fasta
Thanksgivukkah(A4)	../../phage_fasta/Thanksgivukkah.fasta
Theia(A5)	../../phage_fasta/Theia.fasta
Thibault(J)	../../phage_fasta/Thibault.fasta
Thor(A1)	../../phage_fasta/Thor.fasta
Thora(B1)	../../phage_fasta/Thora.fasta
ThreeOh3D2(B1)	../../phage_fasta/ThreeOh3D2.fasta
Tiffany(A3)	../../phage_fasta/Tiffany.fasta
Tiger(A5)	../../phage_fasta/Tiger.fasta
Timshel(A7)	../../phage_fasta/Timshel.fasta
TinaFeyge(A4)	../../phage_fasta/TinaFeyge.fasta
TinyTim(C1)	../../phage_fasta/TinyTim.fasta
TiroTheta9(A4)	../../phage_fasta/TiroTheta9.fasta
TM4(K2)	../../phage_fasta/TM4.fasta
Tortoise16(C1)	../../phage_fasta/Tortoise16.fasta
Toto(E)	../../phage_fasta/Toto.fasta
Treddle(A1)	../../phage_fasta/Treddle.fasta
Trike(A10)	../../phage_fasta/Trike.fasta
Tripl3t(A1)	../../phage_fasta/Tripl3t.fasta
Trixie(A2)	../../phage_fasta/Trixie.fasta
Troll4(D1)	../../phage_fasta/Troll4.fasta
Trouble(A1)	../../phage_fasta/Trouble.fasta
Trypo(B1)	../../phage_fasta/Trypo.fasta
Tuco(E)	../../phage_fasta/Tuco.fasta
Turbido(A2)	../../phage_fasta/Turbido.fasta
Turj99(A1)	../../phage_fasta/Turj99.fasta
Tweety(F1)	../../phage_fasta/Tweety.fasta
Twister(A10)	../../phage_fasta/Twister.fasta
TygerBlood(A4)	../../phage_fasta/TygerBlood.fasta
Tyke(C1)	../../phage_fasta/Tyke.fasta
U2(A1)	../../phage_fasta/U2.fasta
Ukulele(E)	../../phage_fasta/Ukulele.fasta
UncleHowie(B1)	../../phage_fasta/UncleHowie.fasta
UnionJack(A5)	../../phage_fasta/UnionJack.fasta
UPIE(L1)	../../phage_fasta/UPIE.fasta
Validus(K1)	../../phage_fasta/Validus.fasta
Velveteen(F1)	../../phage_fasta/Velveteen.fasta
Veracruz(A3)	../../phage_fasta/Veracruz.fasta
Violet(A1)	../../phage_fasta/Violet.fasta
Vista(B1)	../../phage_fasta/Vista.fasta
Vivaldi(B1)	../../phage_fasta/Vivaldi.fasta
Vix(A3)	../../phage_fasta/Vix.fasta
VohminGhazi(A6)	../../phage_fasta/VohminGhazi.fasta
Vortex(B1)	../../phage_fasta/Vortex.fasta
Wally(C1)	../../phage_fasta/Wally.fasta
Wanda(J)	../../phage_fasta/Wanda.fasta
Wander(A4)	../../phage_fasta/Wander.fasta
Waterdiva(B1)	../../phage_fasta/Waterdiva.fasta
Wee(F1)	../../phage_fasta/Wee.fasta
Weiss13(R)	../../phage_fasta/Weiss13.fasta
Whabigail7(A2)	../../phage_fasta/Whabigail7.fasta
Wheeler(A1)	../../phage_fasta/Wheeler.fasta
Whirlwind(L3)	../../phage_fasta/Whirlwind.fasta
Wildcat(Singleton)	../../phage_fasta/Wildcat.fasta
Wile(A4)	../../phage_fasta/Wile.fasta
Willez(E)	../../phage_fasta/Willez.fasta
Willis(C1)	../../phage_fasta/Willis.fasta
Winky(L2)	../../phage_fasta/Winky.fasta
Xavier(B1)	../../phage_fasta/Xavier.fasta
Xerxes(N)	../../phage_fasta/Xerxes.fasta
Yahalom(B3)	../../phage_fasta/Yahalom.fasta
Yoshand(B1)	../../phage_fasta/Yoshand.fasta
Yoshi(F2)	../../phage_fasta/Yoshi.fasta
YouGoGlencoco(B1)	../../phage_fasta/YouGoGlencoco.fasta
YungJamal(O)	../../phage_fasta/YungJamal.fasta
Zaka(A6)	../../phage_fasta/Zaka.fasta
Zapner(F2)	../../phage_fasta/Zapner.fasta
Zeenon(C1)	../../phage_fasta/Zeenon.fasta
Zelda(B1)	../../phage_fasta/Zelda.fasta
Zemanar(B4)	../../phage_fasta/Zemanar.fasta
Zephyr(A1)	../../phage_fasta/Zephyr.fasta
Zetzy(A3)	../../phage_fasta/Zetzy.fasta
Zeuska(A1)	../../phage_fasta/Zeuska.fasta
ZoeJ(K2)	../../phage_fasta/ZoeJ.fasta
Zombie(G)	../../phage_fasta/Zombie.fasta
Zonia(B1)	../../phage_fasta/Zonia.fasta
ZygoTaiga(C1)	../../phage_fasta/ZygoTaiga.fasta
